MATH105-MATH115-MATH116-MATH215-MATH216-NONE-NONE-NONE-NONE-NONE-NONE-NONE,1
MATH105-MATH115-MATH116-MATH215-MATH216/MATH425-NONE-NONE-NONE-NONE-NONE-NONE-NONE,1
MATH105-MATH115-MATH116-MATH215-MATH425-MATH216-NONE-NONE-NONE-NONE-NONE-NONE,1
MATH105-MATH115-MATH116-MATH215-MATH425-NONE-NONE-NONE-NONE-NONE-NONE-NONE,2
MATH105-MATH115-MATH116-MATH215-NONE-NONE-MATH425-NONE-NONE-NONE-NONE-NONE,1
MATH105-MATH115-MATH116-MATH216-NONE-MATH425-NONE-NONE-NONE-NONE-NONE-NONE,1
MATH105-MATH115-MATH215-MATH216-MATH425-NONE-NONE-NONE-NONE-NONE-NONE-NONE,1
MATH105-MATH115-MATH215-MATH216-NONE-NONE-NONE-NONE-NONE-NONE-NONE-NONE,1
MATH105-MATH115-NONE-MATH116-MATH425-NONE-NONE-NONE-NONE-NONE-NONE-NONE,1
MATH105-MATH115-NONE-NONE-MATH215/MATH216-NONE-NONE-NONE-NONE-NONE-NONE-NONE,1
MATH115-MATH116-MATH215-MATH216-MATH425-NONE-NONE-NONE-NONE-NONE-NONE-NONE,8
MATH115-MATH116-MATH215-MATH216-NONE-MATH425-NONE-NONE-NONE-NONE-NONE-NONE,2
MATH115-MATH116-MATH215-MATH216-NONE-NONE-MATH425-NONE-NONE-NONE-NONE-NONE,1
MATH115-MATH116-MATH215-MATH216-NONE-NONE-NONE-NONE-MATH425-NONE-NONE-NONE,1
MATH115-MATH116-MATH215-MATH216-NONE-NONE-NONE-NONE-NONE-NONE-NONE-NONE,5
MATH115-MATH116-MATH215-MATH216/MATH425-NONE-NONE-NONE-NONE-NONE-NONE-NONE-NONE,9
MATH115-MATH116-MATH215-MATH425-MATH216-NONE-NONE-NONE-NONE-NONE-NONE-NONE,4
MATH115-MATH116-MATH215-MATH425-NONE-MATH216-NONE-NONE-NONE-NONE-NONE-NONE,1
MATH115-MATH116-MATH215-MATH425-NONE-NONE-MATH216-NONE-NONE-NONE-NONE-NONE,1
MATH115-MATH116-MATH215-MATH425-NONE-NONE-NONE-NONE-NONE-NONE-NONE-NONE,4
MATH115-MATH116-MATH215-NONE-MATH216-NONE-NONE-NONE-NONE-NONE-NONE-NONE,1
MATH115-MATH116-MATH215-NONE-MATH216/MATH425-NONE-NONE-NONE-NONE-NONE-NONE-NONE,2
MATH115-MATH116-MATH215-NONE-MATH425-MATH216-NONE-NONE-NONE-NONE-NONE-NONE,1
MATH115-MATH116-MATH215-NONE-MATH425-NONE-NONE-NONE-NONE-NONE-NONE-NONE,6
MATH115-MATH116-MATH215-NONE-NONE-MATH216-NONE-NONE-NONE-NONE-NONE-NONE,1
MATH115-MATH116-MATH215-NONE-NONE-MATH425-NONE-NONE-NONE-NONE-NONE-NONE,1
MATH115-MATH116-MATH215-NONE-NONE-NONE-MATH425-NONE-NONE-NONE-NONE-NONE,2
MATH115-MATH116-MATH215-NONE-NONE-NONE-NONE-NONE-NONE-NONE-NONE-NONE,6
MATH115-MATH116-MATH215/MATH216-MATH425-NONE-NONE-NONE-NONE-NONE-NONE-NONE-NONE,8
MATH115-MATH116-MATH215/MATH216-NONE-MATH425-NONE-NONE-NONE-NONE-NONE-NONE-NONE,1
MATH115-MATH116-MATH215/MATH425-MATH216-NONE-NONE-NONE-NONE-NONE-NONE-NONE-NONE,1
MATH115-MATH116-MATH215/MATH425-NONE-NONE-NONE-NONE-NONE-NONE-NONE-NONE-NONE,1
MATH115-MATH116-MATH216-MATH215-MATH425-NONE-NONE-NONE-NONE-NONE-NONE-NONE,4
MATH115-MATH116-MATH216-MATH215-NONE-NONE-MATH425-NONE-NONE-NONE-NONE-NONE,1
MATH115-MATH116-MATH216-MATH215-NONE-NONE-NONE-NONE-NONE-NONE-NONE-NONE,1
MATH115-MATH116-MATH216-MATH425-NONE-NONE-NONE-NONE-NONE-NONE-NONE-NONE,1
MATH115-MATH116-MATH216-NONE-NONE-NONE-NONE-NONE-NONE-NONE-NONE-NONE,2
MATH115-MATH116-MATH425-MATH216-NONE-NONE-NONE-NONE-NONE-NONE-NONE-NONE,2
MATH115-MATH116-MATH425-NONE-NONE-NONE-NONE-NONE-NONE-NONE-NONE-NONE,2
MATH115-MATH116-NONE-MATH215-MATH425-NONE-NONE-NONE-NONE-NONE-NONE-NONE,1
MATH115-MATH116-NONE-MATH215-NONE-MATH216/MATH425-NONE-NONE-NONE-NONE-NONE-NONE,1
MATH115-MATH116-NONE-MATH215-NONE-NONE-NONE-NONE-NONE-NONE-NONE-NONE,1
MATH115-MATH116-NONE-MATH215/MATH425-NONE-NONE-NONE-NONE-NONE-NONE-NONE-NONE,1
MATH115-MATH116-NONE-MATH216-MATH215-MATH425-NONE-NONE-NONE-NONE-NONE-NONE,1
MATH115-MATH116-NONE-MATH216-MATH425-NONE-NONE-NONE-NONE-NONE-NONE-NONE,2
MATH115-MATH116-NONE-MATH216-NONE-NONE-NONE-NONE-NONE-NONE-NONE-NONE,1
MATH115-MATH116-NONE-MATH425-MATH216-NONE-NONE-NONE-NONE-NONE-NONE-NONE,1
MATH115-MATH116-NONE-MATH425-NONE-NONE-NONE-NONE-NONE-NONE-NONE-NONE,2
MATH115-MATH116-NONE-NONE-NONE-NONE-MATH425-NONE-NONE-NONE-NONE-NONE,1
MATH115-MATH116-NONE-NONE-NONE-NONE-NONE-NONE-NONE-NONE-NONE-NONE,3
MATH115-MATH116/MATH215-MATH425-MATH216-NONE-NONE-NONE-NONE-NONE-NONE-NONE-NONE,1
MATH115-MATH215-MATH216/MATH425-NONE-NONE-NONE-NONE-NONE-NONE-NONE-NONE-NONE,1
MATH115-MATH215-MATH425-NONE-MATH216-NONE-NONE-NONE-NONE-NONE-NONE-NONE,1
MATH115-MATH215/MATH216-MATH425-NONE-NONE-NONE-NONE-NONE-NONE-NONE-NONE-NONE,2
MATH115-MATH425-NONE-NONE-NONE-NONE-NONE-NONE-NONE-NONE-NONE-NONE,1
MATH115-NONE-MATH116-MATH215-MATH216-MATH425-NONE-NONE-NONE-NONE-NONE-NONE,2
MATH115-NONE-MATH116-MATH215-MATH216/MATH425-NONE-NONE-NONE-NONE-NONE-NONE-NONE,1
MATH115-NONE-MATH116-MATH215-MATH425-MATH216-NONE-NONE-NONE-NONE-NONE-NONE,1
MATH115-NONE-MATH116-MATH215-MATH425-NONE-NONE-NONE-NONE-NONE-NONE-NONE,1
MATH115-NONE-MATH116-MATH215-NONE-MATH216-NONE-NONE-NONE-NONE-NONE-NONE,1
MATH115-NONE-MATH116-MATH215-NONE-NONE-NONE-NONE-NONE-NONE-NONE-NONE,1
MATH115-NONE-MATH116-MATH215/MATH216-MATH425-NONE-NONE-NONE-NONE-NONE-NONE-NONE,1
MATH115-NONE-MATH116-MATH215/MATH216-NONE-NONE-NONE-NONE-NONE-NONE-NONE-NONE,1
MATH115-NONE-MATH116-MATH216-MATH425-NONE-NONE-NONE-NONE-NONE-NONE-NONE,1
MATH115-NONE-MATH116-MATH425-MATH216-NONE-NONE-NONE-NONE-NONE-NONE-NONE,1
MATH115-NONE-MATH215-MATH216-NONE-NONE-NONE-NONE-NONE-NONE-NONE-NONE,1
MATH115-NONE-MATH215-MATH216/MATH425-NONE-NONE-NONE-NONE-NONE-NONE-NONE-NONE,1
MATH115-NONE-MATH215-NONE-MATH216-NONE-NONE-NONE-NONE-NONE-NONE-NONE,1
MATH115-NONE-MATH215-NONE-MATH216/MATH425-NONE-NONE-NONE-NONE-NONE-NONE-NONE,1
MATH115-NONE-MATH215-NONE-MATH425-NONE-NONE-NONE-NONE-NONE-NONE-NONE,1
MATH115-NONE-MATH215-NONE-NONE-NONE-NONE-NONE-NONE-NONE-NONE-NONE,1
MATH115-NONE-MATH215/MATH216-MATH425-NONE-NONE-NONE-NONE-NONE-NONE-NONE-NONE,1
MATH115-NONE-MATH425-NONE-NONE-NONE-NONE-NONE-NONE-NONE-NONE-NONE,1
MATH115-NONE-NONE-MATH116-MATH215-MATH216/MATH425-NONE-NONE-NONE-NONE-NONE-NONE,1
MATH115-NONE-NONE-MATH116-MATH215-MATH425-NONE-NONE-NONE-NONE-NONE-NONE,1
MATH115-NONE-NONE-MATH116-MATH216-NONE-NONE-NONE-NONE-NONE-NONE-NONE,1
MATH115-NONE-NONE-MATH116-MATH216/MATH425-NONE-NONE-NONE-NONE-NONE-NONE-NONE,1
MATH115-NONE-NONE-MATH116-MATH425-NONE-NONE-NONE-NONE-NONE-NONE-NONE,1
MATH115-NONE-NONE-MATH215-MATH425-MATH216-NONE-NONE-NONE-NONE-NONE-NONE,1
MATH115-NONE-NONE-MATH215-NONE-NONE-NONE-NONE-NONE-NONE-NONE-NONE,1
MATH115-NONE-NONE-MATH425-NONE-NONE-NONE-NONE-NONE-NONE-NONE-NONE,1
MATH115-NONE-NONE-NONE-MATH215-MATH425-NONE-NONE-NONE-NONE-NONE-NONE,1
MATH115-NONE-NONE-NONE-MATH425-NONE-NONE-NONE-NONE-NONE-NONE-NONE,2
MATH115-NONE-NONE-NONE-NONE-MATH425-NONE-NONE-NONE-NONE-NONE-NONE,1
MATH115-NONE-NONE-NONE-NONE-NONE-NONE-NONE-NONE-NONE-NONE-NONE,1
MATH115/MATH116-MATH215-MATH425-MATH216-NONE-NONE-NONE-NONE-NONE-NONE-NONE-NONE,1
MATH115/MATH116-MATH215-MATH425-NONE-NONE-NONE-NONE-NONE-NONE-NONE-NONE-NONE,1
MATH116-MATH215-MATH216-MATH425-NONE-NONE-NONE-NONE-NONE-NONE-NONE-NONE,6
MATH116-MATH215-MATH216-NONE-MATH425-NONE-NONE-NONE-NONE-NONE-NONE-NONE,2
MATH116-MATH215-MATH216-NONE-NONE-NONE-NONE-NONE-NONE-NONE-NONE-NONE,1
MATH116-MATH215-MATH216/MATH425-NONE-NONE-NONE-NONE-NONE-NONE-NONE-NONE-NONE,7
MATH116-MATH215-MATH425-MATH216-NONE-NONE-NONE-NONE-NONE-NONE-NONE-NONE,3
MATH116-MATH215-MATH425-NONE-MATH216-NONE-NONE-NONE-NONE-NONE-NONE-NONE,1
MATH116-MATH215-MATH425-NONE-NONE-NONE-MATH216-NONE-NONE-NONE-NONE-NONE,1
MATH116-MATH215-MATH425-NONE-NONE-NONE-NONE-NONE-NONE-NONE-NONE-NONE,5
MATH116-MATH215-NONE-MATH216-MATH425-NONE-NONE-NONE-NONE-NONE-NONE-NONE,3
MATH116-MATH215-NONE-MATH216-NONE-MATH425-NONE-NONE-NONE-NONE-NONE-NONE,1
MATH116-MATH215-NONE-MATH216-NONE-NONE-NONE-NONE-NONE-NONE-NONE-NONE,2
MATH116-MATH215-NONE-MATH216/MATH425-NONE-NONE-NONE-NONE-NONE-NONE-NONE-NONE,1
MATH116-MATH215-NONE-MATH425-NONE-NONE-MATH216-NONE-NONE-NONE-NONE-NONE,1
MATH116-MATH215-NONE-MATH425-NONE-NONE-NONE-NONE-NONE-NONE-NONE-NONE,14
MATH116-MATH215-NONE-NONE-MATH216-NONE-NONE-NONE-NONE-NONE-NONE-NONE,1
MATH116-MATH215-NONE-NONE-MATH425-NONE-NONE-NONE-NONE-NONE-NONE-NONE,5
MATH116-MATH215-NONE-NONE-NONE-MATH216/MATH425-NONE-NONE-NONE-NONE-NONE-NONE,1
MATH116-MATH215-NONE-NONE-NONE-MATH425-NONE-NONE-NONE-NONE-NONE-NONE,3
MATH116-MATH215-NONE-NONE-NONE-NONE-MATH425-NONE-NONE-NONE-NONE-NONE,2
MATH116-MATH215-NONE-NONE-NONE-NONE-NONE-NONE-NONE-NONE-NONE-NONE,7
MATH116-MATH215/MATH216-MATH425-NONE-NONE-NONE-NONE-NONE-NONE-NONE-NONE-NONE,1
MATH116-MATH215/MATH216-NONE-NONE-NONE-NONE-NONE-NONE-NONE-NONE-NONE-NONE,4
MATH116-MATH215/MATH425-NONE-NONE-NONE-MATH216-NONE-NONE-NONE-NONE-NONE-NONE,1
MATH116-MATH216-MATH215-MATH425-NONE-NONE-NONE-NONE-NONE-NONE-NONE-NONE,2
MATH116-MATH216-MATH425-NONE-NONE-NONE-NONE-NONE-NONE-NONE-NONE-NONE,3
MATH116-MATH216-NONE-MATH425-NONE-NONE-NONE-NONE-NONE-NONE-NONE-NONE,1
MATH116-MATH216-NONE-NONE-MATH425-NONE-NONE-NONE-NONE-NONE-NONE-NONE,1
MATH116-MATH216-NONE-NONE-NONE-NONE-NONE-NONE-NONE-NONE-NONE-NONE,3
MATH116-MATH425-NONE-NONE-NONE-NONE-NONE-NONE-NONE-NONE-NONE-NONE,1
MATH116-NONE-MATH215-MATH216-MATH425-NONE-NONE-NONE-NONE-NONE-NONE-NONE,1
MATH116-NONE-MATH215-MATH216/MATH425-NONE-NONE-NONE-NONE-NONE-NONE-NONE-NONE,1
MATH116-NONE-MATH215-MATH425-MATH216-NONE-NONE-NONE-NONE-NONE-NONE-NONE,1
MATH116-NONE-MATH215-MATH425-NONE-NONE-NONE-NONE-NONE-NONE-NONE-NONE,4
MATH116-NONE-MATH215-NONE-MATH216/MATH425-NONE-NONE-NONE-NONE-NONE-NONE-NONE,3
MATH116-NONE-MATH215-NONE-MATH425-NONE-NONE-NONE-NONE-NONE-NONE-NONE,2
MATH116-NONE-MATH215-NONE-NONE-NONE-NONE-NONE-NONE-NONE-NONE-NONE,3
MATH116-NONE-MATH215/MATH216-MATH425-NONE-NONE-NONE-NONE-NONE-NONE-NONE-NONE,1
MATH116-NONE-MATH216-MATH215-MATH425-NONE-NONE-NONE-NONE-NONE-NONE-NONE,1
MATH116-NONE-MATH216-MATH425-NONE-NONE-NONE-NONE-NONE-NONE-NONE-NONE,1
MATH116-NONE-MATH216-NONE-MATH425-NONE-NONE-NONE-NONE-NONE-NONE-NONE,1
MATH116-NONE-MATH216/MATH425-MATH215-NONE-NONE-NONE-NONE-NONE-NONE-NONE-NONE,1
MATH116-NONE-MATH425-MATH216-NONE-NONE-NONE-NONE-NONE-NONE-NONE-NONE,1
MATH116-NONE-MATH425-NONE-NONE-NONE-NONE-NONE-NONE-NONE-NONE-NONE,2
MATH116-NONE-NONE-MATH215-MATH216-MATH425-NONE-NONE-NONE-NONE-NONE-NONE,1
MATH116-NONE-NONE-MATH215-NONE-NONE-NONE-NONE-NONE-NONE-NONE-NONE,2
MATH116-NONE-NONE-NONE-MATH215-NONE-NONE-NONE-NONE-NONE-NONE-NONE,1
MATH116-NONE-NONE-NONE-MATH216-NONE-NONE-NONE-NONE-NONE-NONE-NONE,2
MATH116-NONE-NONE-NONE-MATH425-NONE-NONE-NONE-NONE-NONE-NONE-NONE,2
MATH116/MATH215-MATH216/MATH425-NONE-NONE-NONE-NONE-NONE-NONE-NONE-NONE-NONE-NONE,1
MATH215-MATH116-MATH216-NONE-NONE-NONE-NONE-NONE-NONE-NONE-NONE-NONE,1
MATH215-MATH216-MATH425-NONE-NONE-NONE-NONE-NONE-NONE-NONE-NONE-NONE,12
MATH215-MATH216-NONE-MATH425-NONE-NONE-NONE-NONE-NONE-NONE-NONE-NONE,7
MATH215-MATH216-NONE-NONE-MATH425-NONE-NONE-NONE-NONE-NONE-NONE-NONE,2
MATH215-MATH216-NONE-NONE-NONE-MATH425-NONE-NONE-NONE-NONE-NONE-NONE,1
MATH215-MATH216-NONE-NONE-NONE-NONE-NONE-NONE-NONE-NONE-NONE-NONE,21
MATH215-MATH216/MATH425-NONE-NONE-NONE-NONE-NONE-NONE-NONE-NONE-NONE-NONE,23
MATH215-MATH425-MATH216-NONE-NONE-NONE-NONE-NONE-NONE-NONE-NONE-NONE,10
MATH215-MATH425-NONE-MATH216-NONE-NONE-NONE-NONE-NONE-NONE-NONE-NONE,2
MATH215-MATH425-NONE-NONE-MATH216-NONE-NONE-NONE-NONE-NONE-NONE-NONE,1
MATH215-MATH425-NONE-NONE-NONE-NONE-MATH216-NONE-NONE-NONE-NONE-NONE,1
MATH215-MATH425-NONE-NONE-NONE-NONE-NONE-NONE-NONE-NONE-NONE-NONE,22
MATH215-NONE-MATH116-NONE-MATH216/MATH425-NONE-NONE-NONE-NONE-NONE-NONE-NONE,1
MATH215-NONE-MATH216-MATH425-NONE-NONE-NONE-NONE-NONE-NONE-NONE-NONE,4
MATH215-NONE-MATH216-NONE-NONE-NONE-NONE-NONE-NONE-NONE-NONE-NONE,8
MATH215-NONE-MATH216/MATH425-NONE-NONE-NONE-NONE-NONE-NONE-NONE-NONE-NONE,6
MATH215-NONE-MATH425-MATH216-NONE-NONE-NONE-NONE-NONE-NONE-NONE-NONE,1
MATH215-NONE-MATH425-NONE-MATH216-NONE-NONE-NONE-NONE-NONE-NONE-NONE,1
MATH215-NONE-MATH425-NONE-NONE-NONE-NONE-NONE-NONE-NONE-NONE-NONE,11
MATH215-NONE-NONE-MATH216-NONE-NONE-NONE-NONE-NONE-NONE-NONE-NONE,3
MATH215-NONE-NONE-MATH216/MATH425-NONE-NONE-NONE-NONE-NONE-NONE-NONE-NONE,3
MATH215-NONE-NONE-MATH425-NONE-NONE-NONE-NONE-NONE-NONE-NONE-NONE,14
MATH215-NONE-NONE-NONE-MATH216-NONE-NONE-NONE-NONE-NONE-NONE-NONE,1
MATH215-NONE-NONE-NONE-MATH425-NONE-NONE-NONE-NONE-NONE-NONE-NONE,5
MATH215-NONE-NONE-NONE-NONE-MATH425-NONE-NONE-NONE-NONE-NONE-NONE,3
MATH215-NONE-NONE-NONE-NONE-NONE-NONE-NONE-NONE-NONE-NONE-NONE,17
MATH215/MATH216-MATH425-NONE-NONE-NONE-NONE-NONE-NONE-NONE-NONE-NONE-NONE,15
MATH215/MATH216-NONE-MATH425-NONE-NONE-NONE-NONE-NONE-NONE-NONE-NONE-NONE,3
MATH215/MATH216-NONE-NONE-NONE-NONE-NONE-NONE-NONE-NONE-NONE-NONE-NONE,3
MATH215/MATH216/MATH425-NONE-NONE-NONE-NONE-NONE-NONE-NONE-NONE-NONE-NONE-NONE,2
MATH215/MATH425-MATH216-NONE-NONE-NONE-NONE-NONE-NONE-NONE-NONE-NONE-NONE,2
MATH215/MATH425-NONE-MATH216-NONE-NONE-NONE-NONE-NONE-NONE-NONE-NONE-NONE,1
MATH215/MATH425-NONE-NONE-MATH216-NONE-NONE-NONE-NONE-NONE-NONE-NONE-NONE,1
MATH215/MATH425-NONE-NONE-NONE-NONE-NONE-NONE-NONE-NONE-NONE-NONE-NONE,3
MATH216-MATH215-MATH425-NONE-NONE-NONE-NONE-NONE-NONE-NONE-NONE-NONE,5
MATH216-MATH215-NONE-NONE-MATH425-NONE-NONE-NONE-NONE-NONE-NONE-NONE,1
MATH216-MATH215-NONE-NONE-NONE-NONE-NONE-NONE-NONE-NONE-NONE-NONE,3
MATH216-MATH425-NONE-MATH215-NONE-NONE-NONE-NONE-NONE-NONE-NONE-NONE,1
MATH216-MATH425-NONE-NONE-NONE-NONE-NONE-NONE-NONE-NONE-NONE-NONE,13
MATH216-NONE-MATH425-NONE-NONE-NONE-NONE-NONE-NONE-NONE-NONE-NONE,7
MATH216-NONE-NONE-MATH425-NONE-NONE-NONE-NONE-NONE-NONE-NONE-NONE,1
MATH216-NONE-NONE-NONE-MATH425-NONE-NONE-NONE-NONE-NONE-NONE-NONE,2
MATH216-NONE-NONE-NONE-NONE-MATH425-NONE-NONE-NONE-NONE-NONE-NONE,1
MATH216-NONE-NONE-NONE-NONE-NONE-NONE-NONE-NONE-NONE-NONE-NONE,8
MATH216/MATH425-NONE-NONE-NONE-NONE-NONE-NONE-NONE-NONE-NONE-NONE-NONE,21
MATH425-MATH216-NONE-NONE-NONE-NONE-NONE-NONE-NONE-NONE-NONE-NONE,4
MATH425-NONE-MATH216-NONE-NONE-NONE-NONE-NONE-NONE-NONE-NONE-NONE,4
MATH425-NONE-NONE-MATH216-NONE-NONE-NONE-NONE-NONE-NONE-NONE-NONE,4
MATH425-NONE-NONE-NONE-MATH216-NONE-NONE-NONE-NONE-NONE-NONE-NONE,1
MATH425-NONE-NONE-NONE-NONE-MATH216-NONE-NONE-NONE-NONE-NONE-NONE,2
MATH425-NONE-NONE-NONE-NONE-NONE-NONE-NONE-NONE-NONE-NONE-NONE,74
NONE-MATH115-MATH116-MATH215-MATH216-NONE-NONE-NONE-NONE-NONE-NONE-NONE,1
NONE-MATH115-MATH116-MATH215-MATH216/MATH425-NONE-NONE-NONE-NONE-NONE-NONE-NONE,1
NONE-MATH115-MATH116-MATH215-MATH425-NONE-NONE-NONE-NONE-NONE-NONE-NONE,1
NONE-MATH115-MATH116-MATH215-NONE-NONE-MATH425-NONE-NONE-NONE-NONE-NONE,1
NONE-MATH115-MATH116-MATH215-NONE-NONE-NONE-NONE-NONE-NONE-NONE-NONE,1
NONE-MATH115-MATH116-MATH215/MATH216-MATH425-NONE-NONE-NONE-NONE-NONE-NONE-NONE,1
NONE-MATH115-MATH116-NONE-MATH215-MATH216/MATH425-NONE-NONE-NONE-NONE-NONE-NONE,1
NONE-MATH115-MATH116-NONE-MATH215-MATH425-MATH216-NONE-NONE-NONE-NONE-NONE,1
NONE-MATH115-MATH215-MATH216-MATH425-NONE-NONE-NONE-NONE-NONE-NONE-NONE,1
NONE-MATH115-MATH215-MATH425-NONE-NONE-NONE-NONE-NONE-NONE-NONE-NONE,1
NONE-MATH115-MATH215-NONE-NONE-NONE-NONE-NONE-NONE-NONE-NONE-NONE,1
NONE-MATH115-NONE-MATH116-MATH215-NONE-MATH425-NONE-NONE-NONE-NONE-NONE,1
NONE-MATH115-NONE-MATH116-MATH216/MATH425-NONE-NONE-NONE-NONE-NONE-NONE-NONE,2
NONE-MATH115-NONE-MATH116-MATH425-NONE-NONE-NONE-NONE-NONE-NONE-NONE,2
NONE-MATH116-MATH215-MATH216/MATH425-NONE-NONE-NONE-NONE-NONE-NONE-NONE-NONE,1
NONE-MATH116-MATH215-MATH425-NONE-NONE-NONE-NONE-NONE-NONE-NONE-NONE,2
NONE-MATH116-MATH215-NONE-MATH425-NONE-NONE-NONE-NONE-NONE-NONE-NONE,1
NONE-MATH116-MATH215-NONE-NONE-NONE-NONE-NONE-NONE-NONE-NONE-NONE,4
NONE-MATH116-MATH215/MATH216-MATH425-NONE-NONE-NONE-NONE-NONE-NONE-NONE-NONE,1
NONE-MATH116-MATH216-MATH425-NONE-NONE-NONE-NONE-NONE-NONE-NONE-NONE,1
NONE-MATH116-NONE-MATH215-NONE-MATH425-NONE-NONE-NONE-NONE-NONE-NONE,1
NONE-MATH116-NONE-MATH425-NONE-NONE-NONE-NONE-NONE-NONE-NONE-NONE,1
NONE-MATH116-NONE-NONE-MATH215-MATH425-NONE-NONE-NONE-NONE-NONE-NONE,1
NONE-MATH116-NONE-NONE-NONE-NONE-NONE-NONE-NONE-NONE-NONE-NONE,3
NONE-MATH215-MATH216-MATH425-NONE-NONE-NONE-NONE-NONE-NONE-NONE-NONE,2
NONE-MATH215-MATH216-NONE-NONE-MATH425-NONE-NONE-NONE-NONE-NONE-NONE,1
NONE-MATH215-MATH216-NONE-NONE-NONE-NONE-NONE-NONE-NONE-NONE-NONE,1
NONE-MATH215-MATH425-NONE-MATH216-NONE-NONE-NONE-NONE-NONE-NONE-NONE,1
NONE-MATH215-MATH425-NONE-NONE-NONE-NONE-NONE-NONE-NONE-NONE-NONE,7
NONE-MATH215-NONE-MATH216-NONE-NONE-NONE-NONE-NONE-NONE-NONE-NONE,1
NONE-MATH215-NONE-MATH425-MATH216-NONE-NONE-NONE-NONE-NONE-NONE-NONE,1
NONE-MATH215-NONE-MATH425-NONE-NONE-NONE-NONE-NONE-NONE-NONE-NONE,4
NONE-MATH215-NONE-NONE-MATH425-NONE-NONE-NONE-NONE-NONE-NONE-NONE,3
NONE-MATH215-NONE-NONE-NONE-NONE-NONE-NONE-NONE-NONE-NONE-NONE,6
NONE-MATH215/MATH216-MATH425-NONE-NONE-NONE-NONE-NONE-NONE-NONE-NONE-NONE,1
NONE-MATH215/MATH216-NONE-NONE-NONE-NONE-NONE-NONE-NONE-NONE-NONE-NONE,1
NONE-MATH215/MATH425-NONE-MATH216-NONE-NONE-NONE-NONE-NONE-NONE-NONE-NONE,1
NONE-MATH215/MATH425-NONE-NONE-NONE-NONE-NONE-NONE-NONE-NONE-NONE-NONE,3
NONE-MATH216-MATH215-MATH425-NONE-NONE-NONE-NONE-NONE-NONE-NONE-NONE,2
NONE-MATH216-MATH215-NONE-NONE-NONE-NONE-NONE-NONE-NONE-NONE-NONE,1
NONE-MATH216-MATH425-NONE-NONE-NONE-NONE-NONE-NONE-NONE-NONE-NONE,4
NONE-MATH216-NONE-MATH215-MATH425-NONE-NONE-NONE-NONE-NONE-NONE-NONE,1
NONE-MATH216-NONE-MATH425-NONE-NONE-NONE-NONE-NONE-NONE-NONE-NONE,1
NONE-MATH216-NONE-NONE-NONE-NONE-NONE-NONE-NONE-NONE-NONE-NONE,4
NONE-MATH216/MATH425-NONE-NONE-NONE-NONE-NONE-NONE-NONE-NONE-NONE-NONE,4
NONE-MATH425-MATH215-NONE-NONE-NONE-NONE-NONE-NONE-NONE-NONE-NONE,1
NONE-MATH425-MATH216-NONE-NONE-NONE-NONE-NONE-NONE-NONE-NONE-NONE,1
NONE-MATH425-NONE-MATH216-NONE-NONE-NONE-NONE-NONE-NONE-NONE-NONE,1
NONE-MATH425-NONE-NONE-NONE-NONE-NONE-NONE-NONE-NONE-NONE-NONE,37
NONE-NONE-MATH115-MATH116-MATH215/MATH216-NONE-NONE-NONE-NONE-NONE-NONE-NONE,1
NONE-NONE-MATH115-MATH116-MATH216/MATH425-NONE-NONE-NONE-NONE-NONE-NONE-NONE,1
NONE-NONE-MATH115-MATH116-MATH425-MATH216-NONE-NONE-NONE-NONE-NONE-NONE,1
NONE-NONE-MATH115-MATH116-MATH425-NONE-MATH216-NONE-NONE-NONE-NONE-NONE,1
NONE-NONE-MATH116-MATH215-MATH425-NONE-NONE-NONE-NONE-NONE-NONE-NONE,2
NONE-NONE-MATH116-MATH215-NONE-MATH425-NONE-NONE-NONE-NONE-NONE-NONE,1
NONE-NONE-MATH116-MATH215-NONE-NONE-NONE-NONE-NONE-NONE-NONE-NONE,1
NONE-NONE-MATH116-MATH215/MATH216-MATH425-NONE-NONE-NONE-NONE-NONE-NONE-NONE,1
NONE-NONE-MATH116-MATH215/MATH216-NONE-NONE-NONE-NONE-NONE-NONE-NONE-NONE,1
NONE-NONE-MATH116-NONE-NONE-NONE-NONE-NONE-NONE-NONE-NONE-NONE,1
NONE-NONE-MATH215-MATH216-MATH425-NONE-NONE-NONE-NONE-NONE-NONE-NONE,3
NONE-NONE-MATH215-MATH216/MATH425-NONE-NONE-NONE-NONE-NONE-NONE-NONE-NONE,1
NONE-NONE-MATH215-MATH425-MATH216-NONE-NONE-NONE-NONE-NONE-NONE-NONE,1
NONE-NONE-MATH215-MATH425-NONE-NONE-NONE-NONE-NONE-NONE-NONE-NONE,1
NONE-NONE-MATH215-NONE-MATH425-NONE-NONE-NONE-NONE-NONE-NONE-NONE,1
NONE-NONE-MATH215-NONE-NONE-NONE-NONE-NONE-NONE-NONE-NONE-NONE,1
NONE-NONE-MATH215/MATH216-MATH425-NONE-NONE-NONE-NONE-NONE-NONE-NONE-NONE,1
NONE-NONE-MATH215/MATH425-NONE-MATH216-NONE-NONE-NONE-NONE-NONE-NONE-NONE,1
NONE-NONE-MATH215/MATH425-NONE-NONE-MATH216-NONE-NONE-NONE-NONE-NONE-NONE,1
NONE-NONE-MATH216-MATH215-MATH425-NONE-NONE-NONE-NONE-NONE-NONE-NONE,1
NONE-NONE-MATH216-MATH425-NONE-NONE-NONE-NONE-NONE-NONE-NONE-NONE,2
NONE-NONE-MATH216-NONE-MATH425-NONE-NONE-NONE-NONE-NONE-NONE-NONE,1
NONE-NONE-MATH216-NONE-NONE-NONE-NONE-NONE-NONE-NONE-NONE-NONE,4
NONE-NONE-MATH216/MATH425-NONE-NONE-NONE-NONE-NONE-NONE-NONE-NONE-NONE,2
NONE-NONE-MATH425-MATH216-NONE-NONE-NONE-NONE-NONE-NONE-NONE-NONE,2
NONE-NONE-MATH425-NONE-NONE-MATH216-NONE-NONE-NONE-NONE-NONE-NONE,1
NONE-NONE-MATH425-NONE-NONE-NONE-MATH216-NONE-NONE-NONE-NONE-NONE,1
NONE-NONE-MATH425-NONE-NONE-NONE-NONE-NONE-NONE-NONE-NONE-NONE,37
NONE-NONE-NONE-MATH115-MATH215-MATH216-NONE-NONE-NONE-NONE-NONE-NONE,1
NONE-NONE-NONE-MATH115-MATH216/MATH425-NONE-NONE-NONE-NONE-NONE-NONE-NONE,1
NONE-NONE-NONE-MATH116-NONE-MATH425-NONE-NONE-NONE-NONE-NONE-NONE,1
NONE-NONE-NONE-MATH116-NONE-NONE-NONE-NONE-NONE-NONE-NONE-NONE,1
NONE-NONE-NONE-MATH215-MATH216-MATH425-NONE-NONE-NONE-NONE-NONE-NONE,1
NONE-NONE-NONE-MATH215-MATH425-MATH216-NONE-NONE-NONE-NONE-NONE-NONE,1
NONE-NONE-NONE-MATH215/MATH216/MATH425-NONE-NONE-NONE-NONE-NONE-NONE-NONE-NONE,1
NONE-NONE-NONE-MATH216-MATH215/MATH425-NONE-NONE-NONE-NONE-NONE-NONE-NONE,1
NONE-NONE-NONE-MATH216-MATH425-NONE-NONE-NONE-NONE-NONE-NONE-NONE,1
NONE-NONE-NONE-MATH216-NONE-MATH425-NONE-NONE-NONE-NONE-NONE-NONE,1
NONE-NONE-NONE-MATH216-NONE-NONE-NONE-NONE-NONE-NONE-NONE-NONE,1
NONE-NONE-NONE-MATH216/MATH425-NONE-NONE-NONE-NONE-NONE-NONE-NONE-NONE,4
NONE-NONE-NONE-MATH425-MATH216-NONE-NONE-NONE-NONE-NONE-NONE-NONE,2
NONE-NONE-NONE-MATH425-NONE-NONE-NONE-NONE-NONE-NONE-NONE-NONE,34
NONE-NONE-NONE-NONE-MATH215-MATH425-NONE-NONE-NONE-NONE-NONE-NONE,1
NONE-NONE-NONE-NONE-MATH216-MATH425-NONE-NONE-NONE-NONE-NONE-NONE,1
NONE-NONE-NONE-NONE-MATH216-NONE-NONE-NONE-NONE-NONE-NONE-NONE,1
NONE-NONE-NONE-NONE-MATH425-NONE-NONE-NONE-NONE-NONE-NONE-NONE,24
NONE-NONE-NONE-NONE-NONE-MATH215-NONE-MATH425-NONE-NONE-NONE-NONE,1
NONE-NONE-NONE-NONE-NONE-MATH425-NONE-NONE-NONE-NONE-NONE-NONE,4
NONE-NONE-NONE-NONE-NONE-NONE-MATH215-NONE-MATH425-NONE-NONE-NONE,1
NONE-NONE-NONE-NONE-NONE-NONE-MATH425-NONE-NONE-NONE-NONE-NONE,1
