NONE-NONE-NONE-NONE-NONE-PSYCH111-PSYCH250-NONE-NONE-NONE-NONE-NONE,1
NONE-NONE-NONE-NONE-NONE-PSYCH111/PSYCH230-PSYCH290/PSYCH303-NONE-NONE-NONE-NONE-NONE,1
NONE-NONE-NONE-NONE-NONE-PSYCH230-PSYCH240-NONE-NONE-NONE-NONE-NONE,1
NONE-NONE-NONE-NONE-NONE-PSYCH240/PSYCH270-PSYCH280-NONE-NONE-NONE-NONE-NONE,1
NONE-NONE-NONE-NONE-NONE-PSYCH280-NONE-NONE-NONE-NONE-NONE-NONE,1
NONE-NONE-NONE-NONE-PSYCH111-PSYCH240/PSYCH250-PSYCH260-NONE-NONE-NONE-NONE-NONE,1
NONE-NONE-NONE-NONE-PSYCH111-PSYCH270-PSYCH290-NONE-NONE-NONE-NONE-NONE,1
NONE-NONE-NONE-NONE-PSYCH111-PSYCH270/PSYCH280-PSYCH240-PSYCH303-NONE-NONE-NONE-NONE,1
NONE-NONE-NONE-NONE-PSYCH112-PSYCH240/PSYCH280-NONE-NONE-NONE-NONE-NONE-NONE,1
NONE-NONE-NONE-NONE-PSYCH230-NONE-NONE-NONE-PSYCH280-NONE-NONE-NONE,1
NONE-NONE-NONE-NONE-PSYCH240/PSYCH250-PSYCH280/PSYCH303-PSYCH290-NONE-NONE-NONE-NONE-NONE,1
NONE-NONE-NONE-PSYCH111-NONE-NONE-NONE-NONE-PSYCH270-PSYCH280-PSYCH303-NONE,1
NONE-NONE-NONE-PSYCH111-NONE-NONE-PSYCH280-PSYCH270/PSYCH303-NONE-NONE-NONE-NONE,1
NONE-NONE-NONE-PSYCH111-NONE-PSYCH240/PSYCH270-PSYCH230-PSYCH280-NONE-NONE-NONE-NONE,1
NONE-NONE-NONE-PSYCH111-PSYCH230-PSYCH250-NONE-NONE-NONE-NONE-NONE-NONE,1
NONE-NONE-NONE-PSYCH111-PSYCH230/PSYCH240-PSYCH250/PSYCH280-NONE-PSYCH303-NONE-NONE-NONE-NONE,1
NONE-NONE-NONE-PSYCH111-PSYCH250-PSYCH280-NONE-NONE-NONE-NONE-NONE-NONE,1
NONE-NONE-NONE-PSYCH111-PSYCH250/PSYCH280-PSYCH240-NONE-NONE-NONE-NONE-NONE-NONE,1
NONE-NONE-NONE-PSYCH111-PSYCH270-NONE-PSYCH240/PSYCH303-NONE-NONE-NONE-NONE-NONE,1
NONE-NONE-NONE-PSYCH111-PSYCH280-PSYCH240/PSYCH250-PSYCH303-NONE-NONE-NONE-NONE-NONE,1
NONE-NONE-NONE-PSYCH111-PSYCH280-PSYCH250-PSYCH240-NONE-NONE-NONE-NONE-NONE,1
NONE-NONE-NONE-PSYCH111-PSYCH280-PSYCH290-NONE-NONE-NONE-NONE-NONE-NONE,1
NONE-NONE-NONE-PSYCH111/PSYCH230-PSYCH270-PSYCH250-PSYCH303-NONE-NONE-NONE-NONE-NONE,1
NONE-NONE-NONE-PSYCH230/PSYCH250-PSYCH240/PSYCH303-PSYCH260-PSYCH270-NONE-NONE-NONE-NONE-NONE,1
NONE-NONE-NONE-PSYCH230/PSYCH250-PSYCH280-NONE-PSYCH303-NONE-NONE-NONE-NONE-NONE,1
NONE-NONE-NONE-PSYCH230/PSYCH260-PSYCH270/PSYCH303-NONE-NONE-NONE-NONE-NONE-NONE-NONE,1
NONE-NONE-NONE-PSYCH240/PSYCH270-NONE-PSYCH280-NONE-NONE-NONE-NONE-NONE-NONE,1
NONE-NONE-NONE-PSYCH250-PSYCH230-PSYCH290-NONE-NONE-NONE-NONE-NONE-NONE,1
NONE-NONE-NONE-PSYCH250-PSYCH270-PSYCH230/PSYCH290-PSYCH303-NONE-NONE-NONE-NONE-NONE,1
NONE-NONE-NONE-PSYCH250-PSYCH290-PSYCH240/PSYCH303-NONE-NONE-NONE-NONE-NONE-NONE,1
NONE-NONE-NONE-PSYCH270-PSYCH230-PSYCH280-NONE-NONE-NONE-NONE-NONE-NONE,2
NONE-NONE-NONE-PSYCH303-NONE-NONE-NONE-NONE-NONE-NONE-NONE-NONE,1
NONE-NONE-PSYCH111-NONE-NONE-NONE-NONE-NONE-NONE-NONE-NONE-NONE,1
NONE-NONE-PSYCH111-NONE-NONE-PSYCH230/PSYCH303-NONE-NONE-NONE-NONE-NONE-NONE,1
NONE-NONE-PSYCH111-NONE-NONE-PSYCH250-PSYCH240-NONE-NONE-NONE-NONE-NONE,1
NONE-NONE-PSYCH111-NONE-PSYCH230/PSYCH240-PSYCH280-NONE-PSYCH303-PSYCH250-NONE-NONE-NONE,1
NONE-NONE-PSYCH111-NONE-PSYCH240/PSYCH270-PSYCH260-PSYCH303-NONE-NONE-NONE-NONE-NONE,1
NONE-NONE-PSYCH111-NONE-PSYCH250-NONE-PSYCH230/PSYCH303-NONE-NONE-NONE-NONE-NONE,1
NONE-NONE-PSYCH111-NONE-PSYCH250-NONE-PSYCH303-NONE-NONE-NONE-NONE-NONE,1
NONE-NONE-PSYCH111-NONE-PSYCH250/PSYCH280-PSYCH230/PSYCH303-NONE-NONE-NONE-NONE-NONE-NONE,1
NONE-NONE-PSYCH111-NONE-PSYCH270-PSYCH240-PSYCH280/PSYCH303-NONE-NONE-NONE-NONE-NONE,1
NONE-NONE-PSYCH111-NONE-PSYCH270-PSYCH250/PSYCH260-NONE-NONE-NONE-NONE-NONE-NONE,1
NONE-NONE-PSYCH111-PSYCH230-PSYCH240-PSYCH270/PSYCH280/PSYCH303-NONE-NONE-NONE-NONE-NONE-NONE,1
NONE-NONE-PSYCH111-PSYCH230/PSYCH240-PSYCH250/PSYCH260-NONE-NONE-NONE-NONE-NONE-NONE-NONE,1
NONE-NONE-PSYCH111-PSYCH240-PSYCH290-PSYCH250-NONE-PSYCH230-PSYCH280/PSYCH303-NONE-NONE-NONE,1
NONE-NONE-PSYCH111-PSYCH240/PSYCH250-NONE-PSYCH303-PSYCH280-NONE-NONE-NONE-NONE-NONE,1
NONE-NONE-PSYCH111-PSYCH240/PSYCH270-PSYCH280/PSYCH303-NONE-NONE-NONE-NONE-NONE-NONE-NONE,1
NONE-NONE-PSYCH111-PSYCH250-PSYCH230-PSYCH240/PSYCH280-PSYCH303-NONE-NONE-NONE-NONE-NONE,1
NONE-NONE-PSYCH111-PSYCH250-PSYCH240-PSYCH280/PSYCH303-NONE-NONE-NONE-NONE-NONE-NONE,2
NONE-NONE-PSYCH111-PSYCH250-PSYCH240/PSYCH280/PSYCH303-NONE-NONE-NONE-NONE-NONE-NONE-NONE,1
NONE-NONE-PSYCH111-PSYCH250-PSYCH290-NONE-NONE-NONE-NONE-NONE-NONE-NONE,1
NONE-NONE-PSYCH111-PSYCH250-PSYCH290-PSYCH240-PSYCH303-NONE-NONE-NONE-NONE-NONE,1
NONE-NONE-PSYCH111-PSYCH250/PSYCH280-PSYCH240/PSYCH303-NONE-NONE-NONE-NONE-NONE-NONE-NONE,1
NONE-NONE-PSYCH111-PSYCH270-PSYCH280-PSYCH240-PSYCH303-NONE-NONE-NONE-NONE-NONE,1
NONE-NONE-PSYCH111-PSYCH270/PSYCH280-NONE-PSYCH230-NONE-NONE-NONE-NONE-NONE-NONE,1
NONE-NONE-PSYCH111-PSYCH280-PSYCH230-NONE-NONE-NONE-NONE-NONE-NONE-NONE,1
NONE-NONE-PSYCH111-PSYCH280-PSYCH250-NONE-NONE-NONE-NONE-NONE-NONE-NONE,1
NONE-NONE-PSYCH111-PSYCH280-PSYCH250-PSYCH240-NONE-NONE-NONE-NONE-NONE-NONE,1
NONE-NONE-PSYCH112-PSYCH270-PSYCH230-PSYCH280-NONE-NONE-NONE-NONE-NONE-NONE,1
NONE-NONE-PSYCH230-NONE-NONE-NONE-NONE-NONE-NONE-NONE-NONE-NONE,1
NONE-NONE-PSYCH230-PSYCH250-PSYCH280-NONE-NONE-NONE-NONE-NONE-NONE-NONE,1
NONE-NONE-PSYCH230-PSYCH250-PSYCH280/PSYCH303-NONE-NONE-NONE-NONE-NONE-NONE-NONE,1
NONE-NONE-PSYCH230-PSYCH250/PSYCH280-PSYCH303-NONE-NONE-NONE-NONE-NONE-NONE-NONE,1
NONE-NONE-PSYCH230-PSYCH280-NONE-PSYCH270-NONE-NONE-NONE-NONE-NONE-NONE,1
NONE-NONE-PSYCH230/PSYCH250-PSYCH260-PSYCH303-NONE-NONE-NONE-NONE-NONE-NONE-NONE,1
NONE-NONE-PSYCH230/PSYCH250-PSYCH303-PSYCH260-NONE-NONE-NONE-NONE-NONE-NONE-NONE,1
NONE-NONE-PSYCH230/PSYCH270-PSYCH240-PSYCH280-NONE-PSYCH260-NONE-NONE-NONE-NONE-NONE,1
NONE-NONE-PSYCH230/PSYCH280-PSYCH270-NONE-NONE-NONE-NONE-NONE-NONE-NONE-NONE,1
NONE-NONE-PSYCH240-NONE-NONE-NONE-NONE-NONE-NONE-NONE-NONE-NONE,1
NONE-NONE-PSYCH240-PSYCH230-NONE-PSYCH280-NONE-NONE-NONE-NONE-NONE-NONE,1
NONE-NONE-PSYCH240-PSYCH230-PSYCH280/PSYCH303-PSYCH270-NONE-NONE-NONE-NONE-NONE-NONE,1
NONE-NONE-PSYCH240-PSYCH250-PSYCH260-NONE-NONE-NONE-NONE-NONE-NONE-NONE,1
NONE-NONE-PSYCH240/PSYCH270-PSYCH280-PSYCH250-PSYCH303-NONE-NONE-NONE-NONE-NONE-NONE,1
NONE-NONE-PSYCH250-NONE-NONE-PSYCH230/PSYCH260-PSYCH303-NONE-NONE-NONE-NONE-NONE,1
NONE-NONE-PSYCH250-NONE-PSYCH230-NONE-NONE-NONE-NONE-NONE-NONE-NONE,1
NONE-NONE-PSYCH250-PSYCH240-NONE-NONE-NONE-NONE-NONE-NONE-NONE-NONE,1
NONE-NONE-PSYCH250-PSYCH240-NONE-PSYCH280-NONE-NONE-NONE-NONE-NONE-NONE,1
NONE-NONE-PSYCH250-PSYCH240-PSYCH280-NONE-NONE-NONE-NONE-NONE-NONE-NONE,1
NONE-NONE-PSYCH250-PSYCH240-PSYCH280-PSYCH303-NONE-NONE-NONE-NONE-NONE-NONE,1
NONE-NONE-PSYCH250-PSYCH240/PSYCH280-NONE-NONE-NONE-NONE-NONE-NONE-NONE-NONE,1
NONE-NONE-PSYCH250-PSYCH240/PSYCH280-PSYCH303-NONE-NONE-NONE-NONE-NONE-NONE-NONE,1
NONE-NONE-PSYCH250/PSYCH260-PSYCH240-NONE-PSYCH290-NONE-NONE-NONE-NONE-NONE-NONE,1
NONE-NONE-PSYCH250/PSYCH280-PSYCH230-NONE-NONE-NONE-PSYCH303-NONE-NONE-NONE-NONE,1
NONE-NONE-PSYCH260-NONE-PSYCH250-PSYCH303-NONE-NONE-NONE-NONE-NONE-NONE,1
NONE-NONE-PSYCH260-PSYCH240/PSYCH250-NONE-NONE-NONE-NONE-NONE-NONE-NONE-NONE,1
NONE-NONE-PSYCH260-PSYCH250-PSYCH240-PSYCH303-NONE-NONE-NONE-NONE-NONE-NONE,1
NONE-NONE-PSYCH270-NONE-PSYCH240-PSYCH290-PSYCH303-NONE-NONE-NONE-NONE-NONE,1
NONE-NONE-PSYCH270-PSYCH230/PSYCH260-NONE-NONE-PSYCH303-NONE-NONE-NONE-NONE-NONE,1
NONE-NONE-PSYCH270-PSYCH240-PSYCH280/PSYCH303-NONE-NONE-NONE-NONE-NONE-NONE-NONE,1
NONE-NONE-PSYCH270-PSYCH240/PSYCH280-PSYCH303-NONE-NONE-NONE-NONE-NONE-NONE-NONE,1
NONE-NONE-PSYCH270-PSYCH260-PSYCH240-NONE-PSYCH303-NONE-NONE-NONE-NONE-NONE,1
NONE-NONE-PSYCH280-PSYCH230/PSYCH240-PSYCH270/PSYCH303-NONE-NONE-NONE-NONE-NONE-NONE-NONE,1
NONE-NONE-PSYCH280-PSYCH240-NONE-PSYCH250-NONE-NONE-NONE-NONE-NONE-NONE,1
NONE-NONE-PSYCH280-PSYCH240/PSYCH250-NONE-NONE-NONE-NONE-NONE-NONE-NONE-NONE,1
NONE-NONE-PSYCH280-PSYCH303-PSYCH240-NONE-NONE-NONE-NONE-NONE-NONE-NONE,1
NONE-NONE-PSYCH290-PSYCH230-PSYCH250-NONE-NONE-NONE-NONE-NONE-NONE-NONE,1
NONE-PSYCH111-NONE-NONE-NONE-NONE-PSYCH240-PSYCH290-NONE-NONE-NONE-NONE,1
NONE-PSYCH111-NONE-NONE-NONE-NONE-PSYCH270/PSYCH280-PSYCH230/PSYCH250/PSYCH303-NONE-NONE-NONE-NONE,1
NONE-PSYCH111-NONE-NONE-NONE-PSYCH270-PSYCH230/PSYCH280-PSYCH240/PSYCH303-NONE-NONE-NONE-NONE,1
NONE-PSYCH111-NONE-NONE-PSYCH230-NONE-NONE-PSYCH270-PSYCH290/PSYCH303-NONE-NONE-NONE,1
NONE-PSYCH111-NONE-NONE-PSYCH230/PSYCH270/PSYCH303-PSYCH280-NONE-NONE-NONE-NONE-NONE-NONE,1
NONE-PSYCH111-NONE-NONE-PSYCH230/PSYCH280-PSYCH250-PSYCH303-NONE-NONE-NONE-NONE-NONE,1
NONE-PSYCH111-NONE-NONE-PSYCH240-PSYCH250/PSYCH280-NONE-NONE-NONE-NONE-NONE-NONE,1
NONE-PSYCH111-NONE-NONE-PSYCH240-PSYCH250/PSYCH280-NONE-PSYCH303-NONE-NONE-NONE-NONE,1
NONE-PSYCH111-NONE-NONE-PSYCH240/PSYCH250-PSYCH260-PSYCH303-NONE-NONE-NONE-NONE-NONE,1
NONE-PSYCH111-NONE-NONE-PSYCH250/PSYCH280-PSYCH260-NONE-PSYCH240-NONE-NONE-NONE-NONE,1
NONE-PSYCH111-NONE-NONE-PSYCH270-PSYCH230-NONE-NONE-NONE-NONE-NONE-NONE,1
NONE-PSYCH111-NONE-PSYCH230-PSYCH240/PSYCH250-PSYCH280-NONE-NONE-NONE-NONE-NONE-NONE,1
NONE-PSYCH111-NONE-PSYCH230/PSYCH260-PSYCH250-PSYCH303-NONE-NONE-NONE-NONE-NONE-NONE,1
NONE-PSYCH111-NONE-PSYCH240-PSYCH280-NONE-NONE-NONE-NONE-NONE-NONE-NONE,1
NONE-PSYCH111-NONE-PSYCH250-PSYCH230-PSYCH290-PSYCH303-NONE-NONE-NONE-NONE-NONE,1
NONE-PSYCH111-NONE-PSYCH250-PSYCH240-PSYCH260-PSYCH303-NONE-NONE-NONE-NONE-NONE,1
NONE-PSYCH111-NONE-PSYCH250-PSYCH240-PSYCH260/PSYCH303-NONE-NONE-NONE-NONE-NONE-NONE,1
NONE-PSYCH111-NONE-PSYCH250-PSYCH240/PSYCH260-NONE-NONE-NONE-NONE-NONE-NONE-NONE,1
NONE-PSYCH111-NONE-PSYCH250-PSYCH280-PSYCH230/PSYCH303-NONE-NONE-NONE-NONE-NONE-NONE,1
NONE-PSYCH111-NONE-PSYCH250-PSYCH280-PSYCH303-PSYCH270-NONE-NONE-NONE-NONE-NONE,1
NONE-PSYCH111-NONE-PSYCH250/PSYCH260/PSYCH270-PSYCH240/PSYCH303-PSYCH290-NONE-NONE-NONE-NONE-NONE-NONE,1
NONE-PSYCH111-NONE-PSYCH250/PSYCH270/PSYCH280-PSYCH303-NONE-NONE-NONE-NONE-NONE-NONE-NONE,1
NONE-PSYCH111-NONE-PSYCH250/PSYCH280-PSYCH303-PSYCH230-NONE-NONE-NONE-NONE-NONE-NONE,1
NONE-PSYCH111-NONE-PSYCH270/PSYCH280-NONE-PSYCH240/PSYCH303-NONE-NONE-NONE-NONE-NONE-NONE,1
NONE-PSYCH111-NONE-PSYCH280-PSYCH250-PSYCH240-NONE-NONE-NONE-NONE-NONE-NONE,1
NONE-PSYCH111-NONE-PSYCH280-PSYCH270-NONE-PSYCH240-NONE-NONE-NONE-NONE-NONE,1
NONE-PSYCH111-NONE-PSYCH280-PSYCH270-PSYCH303-NONE-NONE-NONE-NONE-NONE-NONE,1
NONE-PSYCH111-NONE-PSYCH290-PSYCH230-NONE-NONE-NONE-NONE-NONE-NONE-NONE,1
NONE-PSYCH111-NONE-PSYCH290-PSYCH270-PSYCH240-PSYCH303-NONE-NONE-NONE-NONE-NONE,1
NONE-PSYCH111-PSYCH230-PSYCH270-PSYCH303-PSYCH250/PSYCH280-NONE-NONE-NONE-NONE-NONE-NONE,1
NONE-PSYCH111-PSYCH230/PSYCH270-PSYCH260-PSYCH303-NONE-NONE-NONE-NONE-NONE-NONE-NONE,1
NONE-PSYCH111-PSYCH230/PSYCH280-NONE-PSYCH270-PSYCH303-NONE-NONE-NONE-NONE-NONE-NONE,1
NONE-PSYCH111-PSYCH230/PSYCH290-PSYCH240-PSYCH303-NONE-NONE-NONE-NONE-NONE-NONE-NONE,1
NONE-PSYCH111-PSYCH240-PSYCH270/PSYCH280-NONE-NONE-NONE-NONE-NONE-NONE-NONE-NONE,1
NONE-PSYCH111-PSYCH240/PSYCH260-PSYCH250/PSYCH303-NONE-NONE-NONE-NONE-NONE-NONE-NONE-NONE,1
NONE-PSYCH111-PSYCH250-NONE-NONE-PSYCH230/PSYCH240-PSYCH280/PSYCH303-NONE-NONE-NONE-NONE-NONE,1
NONE-PSYCH111-PSYCH250-PSYCH230-NONE-PSYCH280/PSYCH303-NONE-NONE-NONE-NONE-NONE-NONE,1
NONE-PSYCH111-PSYCH250-PSYCH230-PSYCH280-NONE-NONE-NONE-NONE-NONE-NONE-NONE,1
NONE-PSYCH111-PSYCH250-PSYCH230/PSYCH240-PSYCH280-NONE-NONE-NONE-NONE-NONE-NONE-NONE,1
NONE-PSYCH111-PSYCH250-PSYCH230/PSYCH280-NONE-PSYCH303-NONE-NONE-NONE-NONE-NONE-NONE,1
NONE-PSYCH111-PSYCH250-PSYCH240-PSYCH280-PSYCH290-NONE-NONE-NONE-NONE-NONE-NONE,1
NONE-PSYCH111-PSYCH250-PSYCH240-PSYCH290-NONE-NONE-NONE-NONE-NONE-NONE-NONE,1
NONE-PSYCH111-PSYCH250-PSYCH240/PSYCH270-PSYCH290-NONE-NONE-NONE-NONE-NONE-NONE-NONE,1
NONE-PSYCH111-PSYCH250-PSYCH280-NONE-NONE-NONE-NONE-NONE-NONE-NONE-NONE,1
NONE-PSYCH111-PSYCH250-PSYCH280-PSYCH230-NONE-NONE-NONE-NONE-NONE-NONE-NONE,1
NONE-PSYCH111-PSYCH250-PSYCH290-PSYCH240-PSYCH303-NONE-NONE-NONE-NONE-NONE-NONE,1
NONE-PSYCH111-PSYCH250/PSYCH260-PSYCH280-PSYCH303-NONE-NONE-NONE-NONE-NONE-NONE-NONE,1
NONE-PSYCH111-PSYCH270-NONE-PSYCH280-NONE-PSYCH303-PSYCH240-NONE-NONE-NONE-NONE,1
NONE-PSYCH111-PSYCH270-NONE-PSYCH280-PSYCH240-PSYCH303-NONE-NONE-NONE-NONE-NONE,1
NONE-PSYCH111-PSYCH270-PSYCH230-PSYCH240-PSYCH280/PSYCH303-NONE-NONE-NONE-NONE-NONE-NONE,1
NONE-PSYCH111-PSYCH270-PSYCH230-PSYCH290-NONE-NONE-NONE-NONE-NONE-NONE-NONE,1
NONE-PSYCH111-PSYCH270-PSYCH230/PSYCH240/PSYCH250-PSYCH280-NONE-NONE-NONE-NONE-NONE-NONE-NONE,1
NONE-PSYCH111-PSYCH270-PSYCH230/PSYCH260-PSYCH303-NONE-NONE-NONE-NONE-NONE-NONE-NONE,2
NONE-PSYCH111-PSYCH270-PSYCH240-PSYCH260-NONE-NONE-NONE-NONE-NONE-NONE-NONE,1
NONE-PSYCH111-PSYCH270-PSYCH250-NONE-NONE-PSYCH280-NONE-NONE-NONE-PSYCH240-NONE,1
NONE-PSYCH111-PSYCH270-PSYCH250-PSYCH240/PSYCH290-PSYCH303-NONE-NONE-NONE-NONE-NONE-NONE,1
NONE-PSYCH111-PSYCH270-PSYCH250/PSYCH280-PSYCH240-PSYCH303-NONE-NONE-NONE-NONE-NONE-NONE,1
NONE-PSYCH111-PSYCH270-PSYCH280-NONE-NONE-NONE-PSYCH230-NONE-NONE-NONE-NONE,1
NONE-PSYCH111-PSYCH270-PSYCH280-NONE-PSYCH240-PSYCH303-NONE-PSYCH230-NONE-NONE-NONE,1
NONE-PSYCH111-PSYCH270/PSYCH280-PSYCH240-NONE-NONE-NONE-NONE-NONE-NONE-NONE-NONE,1
NONE-PSYCH111-PSYCH270/PSYCH290-PSYCH240/PSYCH250-PSYCH303-NONE-NONE-NONE-NONE-NONE-NONE-NONE,1
NONE-PSYCH111-PSYCH280-PSYCH230/PSYCH250-PSYCH303-NONE-NONE-NONE-NONE-NONE-NONE-NONE,1
NONE-PSYCH111-PSYCH280-PSYCH230/PSYCH260-PSYCH270-NONE-NONE-NONE-NONE-NONE-NONE-NONE,1
NONE-PSYCH111-PSYCH280-PSYCH240-PSYCH270-NONE-NONE-NONE-NONE-NONE-NONE-NONE,1
NONE-PSYCH111-PSYCH280-PSYCH250-NONE-NONE-PSYCH240-PSYCH303-NONE-NONE-NONE-NONE,1
NONE-PSYCH111-PSYCH280-PSYCH270-PSYCH240/PSYCH250-PSYCH303-NONE-NONE-NONE-NONE-NONE-NONE,1
NONE-PSYCH111-PSYCH290-PSYCH240-NONE-NONE-NONE-NONE-NONE-NONE-NONE-NONE,1
NONE-PSYCH112-PSYCH250-PSYCH240/PSYCH280-NONE-NONE-NONE-NONE-NONE-NONE-NONE-NONE,1
NONE-PSYCH112-PSYCH260-NONE-PSYCH250-PSYCH240-NONE-NONE-NONE-NONE-NONE-NONE,1
NONE-PSYCH112-PSYCH260-PSYCH270/PSYCH280-PSYCH240-NONE-PSYCH303-NONE-NONE-NONE-NONE-NONE,1
NONE-PSYCH112-PSYCH270-NONE-PSYCH240/PSYCH280-PSYCH303-NONE-NONE-NONE-NONE-NONE-NONE,1
NONE-PSYCH112-PSYCH270-PSYCH240/PSYCH290-NONE-NONE-NONE-NONE-NONE-NONE-NONE-NONE,1
NONE-PSYCH230-PSYCH270-NONE-NONE-NONE-NONE-NONE-NONE-NONE-NONE-NONE,1
NONE-PSYCH230/PSYCH240-PSYCH280-PSYCH303-PSYCH290-PSYCH260-NONE-NONE-NONE-NONE-NONE-NONE,1
NONE-PSYCH240-NONE-NONE-PSYCH270-PSYCH303-PSYCH280-NONE-NONE-NONE-NONE-NONE,1
NONE-PSYCH240/PSYCH250-PSYCH280-NONE-NONE-NONE-NONE-NONE-NONE-NONE-NONE-NONE,1
NONE-PSYCH250-NONE-NONE-PSYCH230/PSYCH270-PSYCH280-NONE-NONE-NONE-NONE-NONE-NONE,1
NONE-PSYCH250-NONE-PSYCH230/PSYCH260-PSYCH303-NONE-NONE-NONE-NONE-NONE-NONE-NONE,1
NONE-PSYCH250-NONE-PSYCH240-PSYCH280-NONE-NONE-NONE-NONE-NONE-NONE-NONE,1
NONE-PSYCH250-PSYCH240/PSYCH290-NONE-NONE-NONE-NONE-NONE-NONE-NONE-NONE-NONE,1
NONE-PSYCH250-PSYCH270-PSYCH240-PSYCH290-PSYCH303-NONE-NONE-NONE-NONE-NONE-NONE,1
NONE-PSYCH250-PSYCH290-PSYCH240-NONE-NONE-NONE-NONE-NONE-NONE-NONE-NONE,1
NONE-PSYCH250-PSYCH290-PSYCH240-PSYCH303-NONE-NONE-NONE-NONE-NONE-NONE-NONE,1
NONE-PSYCH250/PSYCH260-PSYCH230-NONE-NONE-NONE-NONE-NONE-NONE-NONE-NONE-NONE,1
NONE-PSYCH250/PSYCH290/PSYCH303-NONE-NONE-NONE-NONE-NONE-NONE-NONE-NONE-NONE-NONE,1
NONE-PSYCH260-NONE-NONE-PSYCH230-PSYCH250-NONE-NONE-NONE-NONE-NONE-NONE,1
NONE-PSYCH260-PSYCH240-NONE-NONE-PSYCH303-NONE-NONE-NONE-NONE-NONE-NONE,1
NONE-PSYCH260-PSYCH270-PSYCH240-NONE-NONE-NONE-NONE-NONE-NONE-NONE-NONE,1
NONE-PSYCH270-NONE-PSYCH240-PSYCH250-PSYCH280-NONE-NONE-NONE-NONE-NONE-NONE,1
NONE-PSYCH270-NONE-PSYCH250-NONE-PSYCH240/PSYCH303-PSYCH230-PSYCH280-NONE-NONE-NONE-NONE,1
NONE-PSYCH270-NONE-PSYCH280-NONE-NONE-NONE-NONE-NONE-NONE-NONE-NONE,1
NONE-PSYCH270-PSYCH230-PSYCH240-NONE-NONE-NONE-NONE-NONE-NONE-NONE-NONE,1
NONE-PSYCH270-PSYCH230-PSYCH280-NONE-PSYCH250/PSYCH303-NONE-NONE-NONE-NONE-NONE-NONE,1
NONE-PSYCH270-PSYCH230/PSYCH240/PSYCH250-NONE-NONE-NONE-NONE-NONE-NONE-NONE-NONE-NONE,1
NONE-PSYCH270-PSYCH303-PSYCH230-NONE-NONE-NONE-NONE-NONE-NONE-NONE-NONE,1
NONE-PSYCH280-NONE-NONE-PSYCH240-NONE-PSYCH230-NONE-NONE-NONE-NONE-NONE,1
NONE-PSYCH280-NONE-NONE-PSYCH270-PSYCH240/PSYCH303-NONE-NONE-NONE-NONE-NONE-NONE,1
NONE-PSYCH280-PSYCH240-NONE-NONE-NONE-NONE-NONE-NONE-NONE-NONE-NONE,1
NONE-PSYCH280-PSYCH250-PSYCH270-PSYCH240-PSYCH303-NONE-NONE-NONE-NONE-NONE-NONE,1
NONE-PSYCH280-PSYCH270-NONE-PSYCH240-NONE-NONE-NONE-NONE-NONE-NONE-NONE,1
NONE-PSYCH280-PSYCH270-PSYCH230-NONE-PSYCH250/PSYCH303-NONE-NONE-NONE-NONE-NONE-NONE,1
PSYCH111-NONE-NONE-NONE-NONE-NONE-PSYCH240-PSYCH250/PSYCH303-NONE-NONE-NONE-NONE,1
PSYCH111-NONE-NONE-NONE-NONE-PSYCH230-PSYCH290-NONE-PSYCH250-NONE-NONE-NONE,1
PSYCH111-NONE-NONE-NONE-NONE-PSYCH240/PSYCH290-PSYCH250-NONE-NONE-NONE-NONE-NONE,1
PSYCH111-NONE-NONE-NONE-PSYCH230/PSYCH250-PSYCH280/PSYCH303-NONE-NONE-NONE-NONE-NONE-NONE,1
PSYCH111-NONE-NONE-NONE-PSYCH240/PSYCH250-NONE-NONE-NONE-NONE-NONE-NONE-NONE,1
PSYCH111-NONE-NONE-NONE-PSYCH250-PSYCH290-NONE-NONE-NONE-NONE-NONE-NONE,1
PSYCH111-NONE-NONE-NONE-PSYCH270/PSYCH280-PSYCH240/PSYCH303-NONE-NONE-NONE-NONE-NONE-NONE,1
PSYCH111-NONE-NONE-PSYCH230-PSYCH240/PSYCH270-PSYCH260-PSYCH303-NONE-NONE-NONE-NONE-NONE,1
PSYCH111-NONE-NONE-PSYCH230-PSYCH270-PSYCH280-NONE-NONE-NONE-NONE-NONE-NONE,1
PSYCH111-NONE-NONE-PSYCH230/PSYCH280-PSYCH250-NONE-NONE-NONE-NONE-NONE-NONE-NONE,1
PSYCH111-NONE-NONE-PSYCH240-PSYCH270/PSYCH280-NONE-NONE-NONE-NONE-NONE-NONE-NONE,1
PSYCH111-NONE-NONE-PSYCH250-NONE-PSYCH240-NONE-NONE-NONE-NONE-NONE-NONE,1
PSYCH111-NONE-NONE-PSYCH250-PSYCH230/PSYCH280/PSYCH303-PSYCH240-NONE-NONE-NONE-NONE-NONE-NONE,1
PSYCH111-NONE-NONE-PSYCH250-PSYCH290/PSYCH303-NONE-PSYCH240/PSYCH270-NONE-NONE-NONE-NONE-NONE,1
PSYCH111-NONE-NONE-PSYCH270-NONE-NONE-PSYCH303-NONE-NONE-NONE-NONE-NONE,1
PSYCH111-NONE-NONE-PSYCH270/PSYCH290-PSYCH240/PSYCH303-NONE-NONE-NONE-NONE-NONE-NONE-NONE,1
PSYCH111-NONE-PSYCH230-NONE-NONE-PSYCH290-PSYCH270-NONE-NONE-NONE-NONE-NONE,1
PSYCH111-NONE-PSYCH230-NONE-PSYCH250-PSYCH280-NONE-NONE-NONE-NONE-NONE-NONE,1
PSYCH111-NONE-PSYCH230/PSYCH250-PSYCH240-NONE-PSYCH290-NONE-NONE-NONE-NONE-NONE-NONE,1
PSYCH111-NONE-PSYCH230/PSYCH270-PSYCH260-NONE-PSYCH303-NONE-NONE-NONE-NONE-NONE-NONE,1
PSYCH111-NONE-PSYCH240/PSYCH270-PSYCH290-PSYCH303-NONE-NONE-NONE-NONE-NONE-NONE-NONE,1
PSYCH111-NONE-PSYCH250-PSYCH230-PSYCH280-NONE-NONE-NONE-NONE-NONE-NONE-NONE,1
PSYCH111-NONE-PSYCH250-PSYCH240-PSYCH280-NONE-NONE-NONE-NONE-NONE-NONE-NONE,1
PSYCH111-NONE-PSYCH250-PSYCH270/PSYCH280-PSYCH303-NONE-NONE-NONE-NONE-NONE-NONE-NONE,1
PSYCH111-NONE-PSYCH250-PSYCH280-PSYCH240-NONE-NONE-NONE-NONE-NONE-NONE-NONE,1
PSYCH111-NONE-PSYCH250/PSYCH290-PSYCH240/PSYCH303-NONE-NONE-NONE-NONE-NONE-NONE-NONE-NONE,1
PSYCH111-NONE-PSYCH260-PSYCH250-PSYCH240-NONE-PSYCH270-NONE-NONE-NONE-NONE-NONE,1
PSYCH111-NONE-PSYCH260/PSYCH270-PSYCH240-PSYCH230-PSYCH303-PSYCH250-NONE-NONE-NONE-NONE-NONE,1
PSYCH111-NONE-PSYCH270-NONE-PSYCH240-PSYCH260-NONE-NONE-NONE-NONE-NONE-NONE,1
PSYCH111-NONE-PSYCH270-NONE-PSYCH260-PSYCH240-NONE-NONE-NONE-NONE-NONE-NONE,1
PSYCH111-NONE-PSYCH270-PSYCH230-PSYCH280/PSYCH303-NONE-PSYCH250-NONE-NONE-NONE-NONE-NONE,1
PSYCH111-NONE-PSYCH270-PSYCH240/PSYCH260-PSYCH303-NONE-NONE-NONE-NONE-NONE-NONE-NONE,1
PSYCH111-NONE-PSYCH270-PSYCH240/PSYCH280-NONE-NONE-NONE-NONE-NONE-NONE-NONE-NONE,1
PSYCH111-NONE-PSYCH270-PSYCH250-PSYCH260-PSYCH240-NONE-NONE-NONE-NONE-NONE-NONE,1
PSYCH111-NONE-PSYCH270-PSYCH250/PSYCH290-PSYCH230-NONE-PSYCH303-NONE-NONE-NONE-NONE-NONE,1
PSYCH111-NONE-PSYCH270-PSYCH260-NONE-PSYCH230-PSYCH303-NONE-NONE-NONE-NONE-NONE,1
PSYCH111-NONE-PSYCH270-PSYCH260-NONE-PSYCH240-NONE-NONE-NONE-NONE-NONE-NONE,1
PSYCH111-NONE-PSYCH270-PSYCH280-PSYCH240-NONE-NONE-NONE-NONE-NONE-NONE-NONE,1
PSYCH111-NONE-PSYCH270-PSYCH280-PSYCH240-NONE-PSYCH303-NONE-NONE-NONE-NONE-NONE,1
PSYCH111-NONE-PSYCH270-PSYCH280-PSYCH240/PSYCH303-NONE-NONE-NONE-NONE-NONE-NONE-NONE,1
PSYCH111-NONE-PSYCH280-NONE-NONE-PSYCH240/PSYCH250-NONE-NONE-NONE-NONE-NONE-NONE,1
PSYCH111-NONE-PSYCH280-NONE-PSYCH270-PSYCH303-NONE-NONE-NONE-NONE-NONE-NONE,1
PSYCH111-NONE-PSYCH280-PSYCH230-PSYCH270-NONE-NONE-NONE-NONE-NONE-NONE-NONE,1
PSYCH111-NONE-PSYCH280-PSYCH230-PSYCH270-NONE-PSYCH303-NONE-NONE-NONE-NONE-NONE,1
PSYCH111-NONE-PSYCH280-PSYCH250-PSYCH240-NONE-NONE-NONE-NONE-NONE-NONE-NONE,1
PSYCH111-NONE-PSYCH280-PSYCH250-PSYCH240-PSYCH303-NONE-NONE-NONE-NONE-NONE-NONE,1
PSYCH111-PSYCH240/PSYCH270-PSYCH230/PSYCH303-PSYCH280-PSYCH260-NONE-NONE-NONE-NONE-NONE-NONE-NONE,1
PSYCH111-PSYCH240/PSYCH280-NONE-PSYCH250/PSYCH303-NONE-NONE-NONE-NONE-NONE-NONE-NONE-NONE,1
PSYCH111-PSYCH250-NONE-PSYCH230-NONE-PSYCH280-PSYCH240-NONE-NONE-NONE-NONE-NONE,1
PSYCH111-PSYCH250-NONE-PSYCH240-PSYCH280-PSYCH303-NONE-NONE-NONE-NONE-NONE-NONE,1
PSYCH111-PSYCH250-NONE-PSYCH260-PSYCH230-NONE-NONE-NONE-NONE-NONE-NONE-NONE,1
PSYCH111-PSYCH250-NONE-PSYCH280-NONE-PSYCH240-NONE-NONE-NONE-NONE-NONE-NONE,1
PSYCH111-PSYCH250-PSYCH230/PSYCH290-PSYCH270-PSYCH303-NONE-NONE-NONE-NONE-NONE-NONE-NONE,1
PSYCH111-PSYCH250-PSYCH240/PSYCH260-PSYCH303-NONE-NONE-NONE-NONE-NONE-NONE-NONE-NONE,1
PSYCH111-PSYCH250-PSYCH240/PSYCH270-NONE-NONE-NONE-NONE-NONE-NONE-NONE-NONE-NONE,1
PSYCH111-PSYCH250-PSYCH280-NONE-PSYCH240-NONE-PSYCH303-NONE-NONE-NONE-NONE-NONE,1
PSYCH111-PSYCH250-PSYCH280-NONE-PSYCH303-PSYCH240-NONE-NONE-NONE-NONE-NONE-NONE,1
PSYCH111-PSYCH250-PSYCH280-PSYCH240-NONE-PSYCH303-NONE-NONE-NONE-NONE-NONE-NONE,1
PSYCH111-PSYCH250-PSYCH290-PSYCH280-PSYCH303-NONE-NONE-NONE-NONE-NONE-NONE-NONE,1
PSYCH111-PSYCH250/PSYCH280-PSYCH230-PSYCH270-NONE-NONE-NONE-NONE-NONE-NONE-NONE-NONE,1
PSYCH111-PSYCH250/PSYCH280-PSYCH270-NONE-NONE-NONE-NONE-NONE-NONE-NONE-NONE-NONE,1
PSYCH111-PSYCH250/PSYCH280-PSYCH303-NONE-NONE-NONE-NONE-NONE-NONE-NONE-NONE-NONE,1
PSYCH111-PSYCH260-PSYCH230-NONE-NONE-PSYCH270-NONE-PSYCH303-NONE-NONE-NONE-NONE,1
PSYCH111-PSYCH260-PSYCH230/PSYCH280-NONE-NONE-NONE-NONE-NONE-NONE-NONE-NONE-NONE,1
PSYCH111-PSYCH270-NONE-NONE-PSYCH240/PSYCH303-NONE-NONE-NONE-NONE-NONE-NONE-NONE,1
PSYCH111-PSYCH270-NONE-PSYCH240/PSYCH280-NONE-NONE-NONE-NONE-NONE-NONE-NONE-NONE,1
PSYCH111-PSYCH270-PSYCH230-NONE-NONE-NONE-NONE-PSYCH280-NONE-NONE-NONE-NONE,1
PSYCH111-PSYCH270-PSYCH230-PSYCH240-PSYCH303-PSYCH280-NONE-NONE-NONE-NONE-NONE-NONE,1
PSYCH111-PSYCH270-PSYCH230/PSYCH240-PSYCH280-NONE-NONE-NONE-NONE-NONE-NONE-NONE-NONE,1
PSYCH111-PSYCH270-PSYCH280-NONE-PSYCH240-NONE-NONE-NONE-NONE-NONE-NONE-NONE,1
PSYCH111-PSYCH270-PSYCH290-PSYCH240-NONE-PSYCH303-NONE-NONE-NONE-NONE-NONE-NONE,1
PSYCH111-PSYCH270/PSYCH290-NONE-PSYCH230-PSYCH303-NONE-NONE-NONE-NONE-NONE-NONE-NONE,1
PSYCH111-PSYCH280-NONE-NONE-NONE-NONE-PSYCH240/PSYCH270-NONE-PSYCH303-NONE-NONE-NONE,1
PSYCH111-PSYCH280-NONE-PSYCH230-PSYCH270-NONE-NONE-NONE-NONE-NONE-NONE-NONE,1
PSYCH111-PSYCH280-PSYCH230/PSYCH250-PSYCH303-NONE-NONE-NONE-NONE-NONE-NONE-NONE-NONE,1
PSYCH111-PSYCH280-PSYCH250-PSYCH290-NONE-NONE-NONE-NONE-NONE-NONE-NONE-NONE,1
PSYCH111-PSYCH280-PSYCH270-PSYCH240-NONE-PSYCH303-NONE-NONE-NONE-NONE-NONE-NONE,1
PSYCH111-PSYCH280-PSYCH270-PSYCH240-PSYCH260/PSYCH303-NONE-NONE-NONE-NONE-NONE-NONE-NONE,1
PSYCH112-NONE-NONE-PSYCH270/PSYCH280-PSYCH240-NONE-NONE-NONE-NONE-NONE-NONE-NONE,1
PSYCH112-NONE-PSYCH270-PSYCH230/PSYCH280-PSYCH303-NONE-NONE-NONE-NONE-NONE-NONE-NONE,1
PSYCH112-PSYCH270-PSYCH280-PSYCH230-PSYCH303-NONE-NONE-NONE-NONE-NONE-NONE-NONE,1
PSYCH112-PSYCH270-PSYCH290-PSYCH230-NONE-PSYCH303-NONE-NONE-NONE-NONE-NONE-NONE,1
PSYCH112-PSYCH270/PSYCH280-PSYCH240-PSYCH230-NONE-NONE-NONE-NONE-NONE-NONE-NONE-NONE,1
PSYCH230-NONE-NONE-NONE-NONE-NONE-NONE-NONE-NONE-NONE-NONE-NONE,1
PSYCH230-NONE-NONE-NONE-PSYCH290-NONE-NONE-NONE-NONE-NONE-NONE-NONE,1
PSYCH230-NONE-NONE-PSYCH240-NONE-NONE-NONE-NONE-NONE-NONE-NONE-NONE,1
PSYCH230-PSYCH270-NONE-PSYCH303-NONE-NONE-NONE-NONE-NONE-NONE-NONE-NONE,1
PSYCH230-PSYCH290-PSYCH250-NONE-PSYCH303-NONE-NONE-NONE-NONE-NONE-NONE-NONE,1
PSYCH230-PSYCH303-NONE-NONE-NONE-NONE-NONE-NONE-NONE-NONE-NONE-NONE,1
PSYCH240-NONE-NONE-PSYCH250/PSYCH280-PSYCH290-NONE-NONE-NONE-NONE-NONE-NONE-NONE,1
PSYCH240-NONE-PSYCH270-PSYCH280-NONE-NONE-NONE-NONE-NONE-NONE-NONE-NONE,1
PSYCH240-PSYCH290/PSYCH303-NONE-NONE-NONE-NONE-NONE-NONE-NONE-NONE-NONE-NONE,1
PSYCH240/PSYCH270-NONE-PSYCH280-NONE-NONE-NONE-PSYCH303-NONE-NONE-NONE-NONE-NONE,1
PSYCH250-NONE-NONE-NONE-PSYCH270-NONE-NONE-NONE-NONE-NONE-NONE-NONE,1
PSYCH250/PSYCH280-NONE-PSYCH270-NONE-NONE-NONE-NONE-NONE-NONE-NONE-NONE-NONE,1
PSYCH270-NONE-NONE-NONE-NONE-PSYCH240-NONE-NONE-NONE-NONE-NONE-NONE,1
PSYCH270-NONE-NONE-NONE-PSYCH240-PSYCH260/PSYCH303-NONE-NONE-NONE-NONE-NONE-NONE,1
PSYCH270-NONE-PSYCH280-NONE-PSYCH303-NONE-NONE-NONE-NONE-NONE-NONE-NONE,1
PSYCH270-PSYCH240/PSYCH260/PSYCH303-NONE-NONE-NONE-NONE-NONE-NONE-NONE-NONE-NONE-NONE,1
PSYCH270-PSYCH240/PSYCH280-NONE-PSYCH303-NONE-NONE-NONE-NONE-NONE-NONE-NONE-NONE,1
PSYCH270-PSYCH280-NONE-NONE-NONE-NONE-NONE-NONE-NONE-NONE-NONE-NONE,1
PSYCH270/PSYCH280-PSYCH240-NONE-NONE-NONE-NONE-PSYCH303-NONE-NONE-NONE-NONE-NONE,1
PSYCH280-NONE-PSYCH240-NONE-PSYCH303-NONE-NONE-NONE-NONE-NONE-NONE-NONE,1
PSYCH280-NONE-PSYCH250-PSYCH230-NONE-PSYCH303-NONE-NONE-NONE-NONE-NONE-NONE,1
PSYCH280-NONE-PSYCH270-PSYCH240/PSYCH250-PSYCH303-PSYCH230-NONE-NONE-NONE-NONE-NONE-NONE,1
PSYCH280-NONE-PSYCH290-NONE-PSYCH270-NONE-PSYCH303-NONE-NONE-NONE-NONE-NONE,1
PSYCH280-PSYCH250-NONE-NONE-NONE-NONE-NONE-NONE-NONE-NONE-NONE-NONE,1
PSYCH280-PSYCH260-NONE-PSYCH240/PSYCH250-PSYCH270-NONE-NONE-NONE-NONE-NONE-NONE-NONE,1
PSYCH290-NONE-NONE-NONE-PSYCH250-PSYCH240-NONE-NONE-NONE-NONE-NONE-NONE,1
PSYCH290-PSYCH230-NONE-NONE-NONE-NONE-NONE-NONE-NONE-NONE-NONE-NONE,1
PSYCH290-PSYCH230-PSYCH250-NONE-NONE-NONE-NONE-NONE-NONE-NONE-NONE-NONE,1
